-- ClickHouse Seed Data for Development
USE boilerplate_clickhouse;

-- All events now use the single pipeline_events dataset ID (aaaaaaaa-aaaa-aaaa-aaaa-aaaaaaaaaaaa)

-- Social Media Content
INSERT INTO pipeline_events (agent_id, task_id, workspace_id, dataset_id, event_name, raw_data, transformed_data, tags, embedding, event_timestamp) VALUES (generateUUIDv4(), generateUUIDv4(), 'c926e979-1f16-46bf-a7cc-8aab70162d65', 'aaaaaaaa-aaaa-aaaa-aaaa-aaaaaaaaaaaa', 'LinkedIn Post', '{"platform": "linkedin", "author": "Kelsey Hightower", "content": "Just deployed a new Kubernetes cluster with improved security policies.", "likes": 275}', NULL, ['social_media', 'kubernetes', 'security', 'devops'], [0.1, 0.3, 0.8, 0.2], now() - INTERVAL 1 DAY);

-- Weather Sensor Data
INSERT INTO pipeline_events (agent_id, task_id, workspace_id, dataset_id, event_name, raw_data, transformed_data, tags, embedding, event_timestamp) VALUES (generateUUIDv4(), generateUUIDv4(), 'c926e979-1f16-46bf-a7cc-8aab70162d65', 'aaaaaaaa-aaaa-aaaa-aaaa-aaaaaaaaaaaa', 'Temperature Reading', '{"sensor_id": "temp_001", "location": "San Francisco", "temperature": 18.5, "unit": "celsius"}', NULL, ['weather', 'temperature', 'san-francisco'], [0.3, 0.1, 0.2, 0.8], now() - INTERVAL 30 MINUTE);

-- Kubernetes Logs
INSERT INTO pipeline_events (agent_id, task_id, workspace_id, dataset_id, event_name, raw_data, transformed_data, tags, embedding, event_timestamp) VALUES (generateUUIDv4(), generateUUIDv4(), 'c926e979-1f16-46bf-a7cc-8aab70162d65', 'aaaaaaaa-aaaa-aaaa-aaaa-aaaaaaaaaaaa', 'Pod Deployment', '{"namespace": "production", "pod": "web-app-123", "status": "deployed", "replicas": 3}', NULL, ['k8s', 'logs', 'kubernetes', 'pod', 'deployment'], [0.5, 0.3, 0.4, 0.9], now() - INTERVAL 2 HOUR);

-- Customer Service
INSERT INTO pipeline_events (agent_id, task_id, workspace_id, dataset_id, event_name, raw_data, transformed_data, tags, embedding, event_timestamp) VALUES (generateUUIDv4(), generateUUIDv4(), 'c926e979-1f16-46bf-a7cc-8aab70162d65', 'aaaaaaaa-aaaa-aaaa-aaaa-aaaaaaaaaaaa', 'Support Ticket', '{"ticket_id": "SUPP-12345", "priority": "high", "issue": "connectivity", "customer_id": "CUST-789"}', NULL, ['customer-service', 'high-priority', 'connectivity'], [0.7, 0.5, 0.6, 0.9], now() - INTERVAL 3 HOUR);

-- Financial Data
INSERT INTO pipeline_events (agent_id, task_id, workspace_id, dataset_id, event_name, raw_data, transformed_data, tags, embedding, event_timestamp) VALUES (generateUUIDv4(), generateUUIDv4(), 'c926e979-1f16-46bf-a7cc-8aab70162d65', 'aaaaaaaa-aaaa-aaaa-aaaa-aaaaaaaaaaaa', 'Stock Price Update', '{"symbol": "AAPL", "price": 185.42, "currency": "USD", "exchange": "NASDAQ"}', NULL, ['financial', 'stock', 'apple', 'nasdaq'], [0.8, 0.6, 0.7, 0.8], now() - INTERVAL 15 MINUTE);

-- Additional Social Media Events
INSERT INTO pipeline_events (agent_id, task_id, workspace_id, dataset_id, event_name, raw_data, transformed_data, tags, embedding, event_timestamp) VALUES (generateUUIDv4(), generateUUIDv4(), 'c926e979-1f16-46bf-a7cc-8aab70162d65', 'aaaaaaaa-aaaa-aaaa-aaaa-aaaaaaaaaaaa', 'Twitter Post', '{"platform": "twitter", "author": "devops_guru", "content": "New monitoring dashboard is live! Real-time insights into our infrastructure.", "retweets": 42, "likes": 156}', NULL, ['social_media', 'monitoring', 'devops', 'infrastructure'], [0.2, 0.4, 0.7, 0.3], now() - INTERVAL 6 HOUR);

INSERT INTO pipeline_events (agent_id, task_id, workspace_id, dataset_id, event_name, raw_data, transformed_data, tags, embedding, event_timestamp) VALUES (generateUUIDv4(), generateUUIDv4(), 'c926e979-1f16-46bf-a7cc-8aab70162d65', 'aaaaaaaa-aaaa-aaaa-aaaa-aaaaaaaaaaaa', 'LinkedIn Article', '{"platform": "linkedin", "author": "tech_lead", "content": "Best practices for microservices architecture in 2024", "views": 1250, "comments": 23}', NULL, ['social_media', 'microservices', 'architecture', 'tech'], [0.1, 0.5, 0.9, 0.4], now() - INTERVAL 12 HOUR);

-- Additional Weather Events
INSERT INTO pipeline_events (agent_id, task_id, workspace_id, dataset_id, event_name, raw_data, transformed_data, tags, embedding, event_timestamp) VALUES (generateUUIDv4(), generateUUIDv4(), 'c926e979-1f16-46bf-a7cc-8aab70162d65', 'aaaaaaaa-aaaa-aaaa-aaaa-aaaaaaaaaaaa', 'Humidity Reading', '{"sensor_id": "humid_002", "location": "New York", "humidity": 65.2, "unit": "percent"}', NULL, ['weather', 'humidity', 'new-york'], [0.4, 0.2, 0.3, 0.7], now() - INTERVAL 45 MINUTE);

INSERT INTO pipeline_events (agent_id, task_id, workspace_id, dataset_id, event_name, raw_data, transformed_data, tags, embedding, event_timestamp) VALUES (generateUUIDv4(), generateUUIDv4(), 'c926e979-1f16-46bf-a7cc-8aab70162d65', 'aaaaaaaa-aaaa-aaaa-aaaa-aaaaaaaaaaaa', 'Wind Speed Alert', '{"sensor_id": "wind_003", "location": "Chicago", "wind_speed": 45.8, "unit": "mph", "alert_level": "moderate"}', NULL, ['weather', 'wind', 'chicago', 'alert'], [0.3, 0.1, 0.4, 0.9], now() - INTERVAL 90 MINUTE);

-- Additional K8s Events
INSERT INTO pipeline_events (agent_id, task_id, workspace_id, dataset_id, event_name, raw_data, transformed_data, tags, embedding, event_timestamp) VALUES (generateUUIDv4(), generateUUIDv4(), 'c926e979-1f16-46bf-a7cc-8aab70162d65', 'aaaaaaaa-aaaa-aaaa-aaaa-aaaaaaaaaaaa', 'Service Restart', '{"namespace": "staging", "service": "api-gateway", "reason": "memory_limit", "restart_count": 3}', NULL, ['k8s', 'logs', 'service', 'restart', 'staging'], [0.6, 0.4, 0.5, 0.8], now() - INTERVAL 4 HOUR);

INSERT INTO pipeline_events (agent_id, task_id, workspace_id, dataset_id, event_name, raw_data, transformed_data, tags, embedding, event_timestamp) VALUES (generateUUIDv4(), generateUUIDv4(), 'c926e979-1f16-46bf-a7cc-8aab70162d65', 'aaaaaaaa-aaaa-aaaa-aaaa-aaaaaaaaaaaa', 'Node Health Check', '{"node": "worker-node-02", "status": "healthy", "cpu_usage": 45.2, "memory_usage": 67.8, "disk_usage": 23.1}', NULL, ['k8s', 'logs', 'node', 'health', 'monitoring'], [0.5, 0.3, 0.6, 0.7], now() - INTERVAL 20 MINUTE);

-- Additional Customer Service Events
INSERT INTO pipeline_events (agent_id, task_id, workspace_id, dataset_id, event_name, raw_data, transformed_data, tags, embedding, event_timestamp) VALUES (generateUUIDv4(), generateUUIDv4(), 'c926e979-1f16-46bf-a7cc-8aab70162d65', 'aaaaaaaa-aaaa-aaaa-aaaa-aaaaaaaaaaaa', 'Chat Session', '{"session_id": "CHAT-67890", "customer_id": "CUST-456", "agent_id": "AGENT-123", "duration": 780, "satisfaction": 4.5, "resolved": true}', NULL, ['customer-service', 'chat', 'resolved', 'satisfaction'], [0.8, 0.6, 0.7, 0.8], now() - INTERVAL 5 HOUR);

INSERT INTO pipeline_events (agent_id, task_id, workspace_id, dataset_id, event_name, raw_data, transformed_data, tags, embedding, event_timestamp) VALUES (generateUUIDv4(), generateUUIDv4(), 'c926e979-1f16-46bf-a7cc-8aab70162d65', 'aaaaaaaa-aaaa-aaaa-aaaa-aaaaaaaaaaaa', 'Feedback Survey', '{"survey_id": "SURVEY-111", "customer_id": "CUST-789", "rating": 5, "category": "billing", "comment": "Quick resolution, very helpful"}', NULL, ['customer-service', 'feedback', 'billing', 'positive'], [0.9, 0.7, 0.8, 0.9], now() - INTERVAL 8 HOUR);

-- Additional Financial Events
INSERT INTO pipeline_events (agent_id, task_id, workspace_id, dataset_id, event_name, raw_data, transformed_data, tags, embedding, event_timestamp) VALUES (generateUUIDv4(), generateUUIDv4(), 'c926e979-1f16-46bf-a7cc-8aab70162d65', 'aaaaaaaa-aaaa-aaaa-aaaa-aaaaaaaaaaaa', 'Crypto Price Alert', '{"symbol": "BTC", "price": 43250.75, "currency": "USD", "change_24h": 2.3, "alert_type": "price_target"}', NULL, ['financial', 'crypto', 'bitcoin', 'alert'], [0.7, 0.5, 0.8, 0.9], now() - INTERVAL 30 MINUTE);

INSERT INTO pipeline_events (agent_id, task_id, workspace_id, dataset_id, event_name, raw_data, transformed_data, tags, embedding, event_timestamp) VALUES (generateUUIDv4(), generateUUIDv4(), 'c926e979-1f16-46bf-a7cc-8aab70162d65', 'aaaaaaaa-aaaa-aaaa-aaaa-aaaaaaaaaaaa', 'Trading Volume Spike', '{"symbol": "TSLA", "volume": 45678900, "avg_volume": 28456000, "spike_ratio": 1.61, "time_window": "1h"}', NULL, ['financial', 'stock', 'tesla', 'volume', 'spike'], [0.8, 0.6, 0.9, 0.7], now() - INTERVAL 75 MINUTE);


-- ========================================
-- Task Metrics Seed Data
-- ========================================

-- Performance metrics for Research & Writing Assistant (agent_id: 4a1a7e60-8b2f-4a3b-9c1d-5e6f7a8b9c0d)
-- Version v1 (current version)
INSERT INTO task_performance_metrics (task_id, agent_id, agent_name, parent_agent_id, workspace_id, agent_version, duration_ms, input_tokens, output_tokens, cost_usd, status, task_input, task_output, executed_at) VALUES 
('11111111-1111-1111-1111-111111111111', '4a1a7e60-8b2f-4a3b-9c1d-5e6f7a8b9c0d', 'Research & Writing Assistant', '4a1a7e60-8b2f-4a3b-9c1d-5e6f7a8b9c0d', 'c926e979-1f16-46bf-a7cc-8aab70162d65', 'v1', 2500, 1200, 800, 0.011, 'completed', 'Write a blog post about AI trends', 'Here is a comprehensive blog post about AI trends in 2024...', now() - INTERVAL 1 DAY),
('22222222-2222-2222-2222-222222222222', '4a1a7e60-8b2f-4a3b-9c1d-5e6f7a8b9c0d', 'Research & Writing Assistant', '4a1a7e60-8b2f-4a3b-9c1d-5e6f7a8b9c0d', 'c926e979-1f16-46bf-a7cc-8aab70162d65', 'v1', 3200, 1500, 1200, 0.016, 'completed', 'Research quantum computing applications', 'Quantum computing is revolutionizing multiple industries...', now() - INTERVAL 2 DAY),
('33333333-3333-3333-3333-333333333333', '4a1a7e60-8b2f-4a3b-9c1d-5e6f7a8b9c0d', 'Research & Writing Assistant', '4a1a7e60-8b2f-4a3b-9c1d-5e6f7a8b9c0d', 'c926e979-1f16-46bf-a7cc-8aab70162d65', 'v1', 1800, 900, 600, 0.008, 'completed', 'Summarize recent tech news', 'Key tech news: Major AI advancements, new chip releases...', now() - INTERVAL 3 DAY),
('44444444-4444-4444-4444-444444444444', '4a1a7e60-8b2f-4a3b-9c1d-5e6f7a8b9c0d', 'Research & Writing Assistant', '4a1a7e60-8b2f-4a3b-9c1d-5e6f7a8b9c0d', 'c926e979-1f16-46bf-a7cc-8aab70162d65', 'v1', 4500, 2000, 1500, 0.020, 'completed', 'Write technical documentation for API', 'API Documentation: Authentication, Endpoints, Examples...', now() - INTERVAL 4 DAY),
('55555555-5555-5555-5555-555555555555', '4a1a7e60-8b2f-4a3b-9c1d-5e6f7a8b9c0d', 'Research & Writing Assistant', '4a1a7e60-8b2f-4a3b-9c1d-5e6f7a8b9c0d', 'c926e979-1f16-46bf-a7cc-8aab70162d65', 'v1', 2100, 1100, 700, 0.010, 'completed', 'Create social media content', 'Social media post: Engaging content about our new features...', now() - INTERVAL 5 DAY);

-- Version v2 (experimental - slightly faster but less verbose)
INSERT INTO task_performance_metrics (task_id, agent_id, agent_name, parent_agent_id, workspace_id, agent_version, duration_ms, input_tokens, output_tokens, cost_usd, status, task_input, task_output, executed_at) VALUES 
('66666666-6666-6666-6666-666666666666', '4a1a7e60-8b2f-4a3b-9c1d-5e6f7a8b9c0d', 'Research & Writing Assistant', '4a1a7e60-8b2f-4a3b-9c1d-5e6f7a8b9c0d', 'c926e979-1f16-46bf-a7cc-8aab70162d65', 'v2', 2000, 1000, 650, 0.009, 'completed', 'Write a blog post about AI trends', 'Concise blog post covering key AI trends in 2024...', now() - INTERVAL 1 DAY),
('77777777-7777-7777-7777-777777777777', '4a1a7e60-8b2f-4a3b-9c1d-5e6f7a8b9c0d', 'Research & Writing Assistant', '4a1a7e60-8b2f-4a3b-9c1d-5e6f7a8b9c0d', 'c926e979-1f16-46bf-a7cc-8aab70162d65', 'v2', 2800, 1300, 1000, 0.013, 'completed', 'Research quantum computing applications', 'Quantum computing applications: Healthcare, finance, cryptography...', now() - INTERVAL 2 DAY),
('88888888-8888-8888-8888-888888888888', '4a1a7e60-8b2f-4a3b-9c1d-5e6f7a8b9c0d', 'Research & Writing Assistant', '4a1a7e60-8b2f-4a3b-9c1d-5e6f7a8b9c0d', 'c926e979-1f16-46bf-a7cc-8aab70162d65', 'v2', 1500, 800, 500, 0.007, 'completed', 'Summarize recent tech news', 'Tech news summary: AI, chips, cloud computing...', now() - INTERVAL 3 DAY);

-- Quality metrics for the tasks above
-- Response Helpfulness (metric_definition_id: a1a1a1a1-a1a1-a1a1-a1a1-a1a1a1a1a1a1)
INSERT INTO task_quality_metrics (task_id, agent_id, workspace_id, metric_definition_id, metric_name, metric_type, score, passed, reasoning, eval_duration_ms, eval_cost_usd, evaluated_at) VALUES 
('11111111-1111-1111-1111-111111111111', '4a1a7e60-8b2f-4a3b-9c1d-5e6f7a8b9c0d', 'c926e979-1f16-46bf-a7cc-8aab70162d65', 'a1a1a1a1-a1a1-a1a1-a1a1-a1a1a1a1a1a1', 'Response Helpfulness', 'llm_judge', 85.0, true, 'The response is comprehensive and addresses the query well', 1200, 0.0001, now() - INTERVAL 1 DAY),
('22222222-2222-2222-2222-222222222222', '4a1a7e60-8b2f-4a3b-9c1d-5e6f7a8b9c0d', 'c926e979-1f16-46bf-a7cc-8aab70162d65', 'a1a1a1a1-a1a1-a1a1-a1a1-a1a1a1a1a1a1', 'Response Helpfulness', 'llm_judge', 92.0, true, 'Excellent coverage of quantum computing applications with clear examples', 1400, 0.0001, now() - INTERVAL 2 DAY),
('33333333-3333-3333-3333-333333333333', '4a1a7e60-8b2f-4a3b-9c1d-5e6f7a8b9c0d', 'c926e979-1f16-46bf-a7cc-8aab70162d65', 'a1a1a1a1-a1a1-a1a1-a1a1-a1a1a1a1a1a1', 'Response Helpfulness', 'llm_judge', 78.0, true, 'Good summary but could include more detail', 1000, 0.0001, now() - INTERVAL 3 DAY),
('66666666-6666-6666-6666-666666666666', '4a1a7e60-8b2f-4a3b-9c1d-5e6f7a8b9c0d', 'c926e979-1f16-46bf-a7cc-8aab70162d65', 'a1a1a1a1-a1a1-a1a1-a1a1-a1a1a1a1a1a1', 'Response Helpfulness', 'llm_judge', 80.0, true, 'Concise and helpful, covers key points', 1100, 0.0001, now() - INTERVAL 1 DAY),
('77777777-7777-7777-7777-777777777777', '4a1a7e60-8b2f-4a3b-9c1d-5e6f7a8b9c0d', 'c926e979-1f16-46bf-a7cc-8aab70162d65', 'a1a1a1a1-a1a1-a1a1-a1a1-a1a1a1a1a1a1', 'Response Helpfulness', 'llm_judge', 88.0, true, 'Well-structured response with good application examples', 1300, 0.0001, now() - INTERVAL 2 DAY);

-- Safety & Compliance (metric_definition_id: a2a2a2a2-a2a2-a2a2-a2a2-a2a2a2a2a2a2)
INSERT INTO task_quality_metrics (task_id, agent_id, workspace_id, metric_definition_id, metric_name, metric_type, score, passed, reasoning, eval_duration_ms, eval_cost_usd, evaluated_at) VALUES 
('11111111-1111-1111-1111-111111111111', '4a1a7e60-8b2f-4a3b-9c1d-5e6f7a8b9c0d', 'c926e979-1f16-46bf-a7cc-8aab70162d65', 'a2a2a2a2-a2a2-a2a2-a2a2-a2a2a2a2a2a2', 'Safety & Compliance', 'llm_judge', 98.0, true, 'Content is safe and compliant', 900, 0.0001, now() - INTERVAL 1 DAY),
('22222222-2222-2222-2222-222222222222', '4a1a7e60-8b2f-4a3b-9c1d-5e6f7a8b9c0d', 'c926e979-1f16-46bf-a7cc-8aab70162d65', 'a2a2a2a2-a2a2-a2a2-a2a2-a2a2a2a2a2a2', 'Safety & Compliance', 'llm_judge', 100.0, true, 'Perfectly safe and compliant content', 950, 0.0001, now() - INTERVAL 2 DAY),
('33333333-3333-3333-3333-333333333333', '4a1a7e60-8b2f-4a3b-9c1d-5e6f7a8b9c0d', 'c926e979-1f16-46bf-a7cc-8aab70162d65', 'a2a2a2a2-a2a2-a2a2-a2a2-a2a2a2a2a2a2', 'Safety & Compliance', 'llm_judge', 95.0, true, 'Safe content with no compliance issues', 850, 0.0001, now() - INTERVAL 3 DAY),
('44444444-4444-4444-4444-444444444444', '4a1a7e60-8b2f-4a3b-9c1d-5e6f7a8b9c0d', 'c926e979-1f16-46bf-a7cc-8aab70162d65', 'a2a2a2a2-a2a2-a2a2-a2a2-a2a2a2a2a2a2', 'Safety & Compliance', 'llm_judge', 97.0, true, 'Safe and policy-compliant', 920, 0.0001, now() - INTERVAL 4 DAY),
('55555555-5555-5555-5555-555555555555', '4a1a7e60-8b2f-4a3b-9c1d-5e6f7a8b9c0d', 'c926e979-1f16-46bf-a7cc-8aab70162d65', 'a2a2a2a2-a2a2-a2a2-a2a2-a2a2a2a2a2a2', 'Safety & Compliance', 'llm_judge', 99.0, true, 'Excellent safety and compliance', 880, 0.0001, now() - INTERVAL 5 DAY),
('66666666-6666-6666-6666-666666666666', '4a1a7e60-8b2f-4a3b-9c1d-5e6f7a8b9c0d', 'c926e979-1f16-46bf-a7cc-8aab70162d65', 'a2a2a2a2-a2a2-a2a2-a2a2-a2a2a2a2a2a2', 'Safety & Compliance', 'llm_judge', 100.0, true, 'Perfect compliance', 870, 0.0001, now() - INTERVAL 1 DAY),
('77777777-7777-7777-7777-777777777777', '4a1a7e60-8b2f-4a3b-9c1d-5e6f7a8b9c0d', 'c926e979-1f16-46bf-a7cc-8aab70162d65', 'a2a2a2a2-a2a2-a2a2-a2a2-a2a2a2a2a2a2', 'Safety & Compliance', 'llm_judge', 98.0, true, 'Safe and compliant', 910, 0.0001, now() - INTERVAL 2 DAY),
('88888888-8888-8888-8888-888888888888', '4a1a7e60-8b2f-4a3b-9c1d-5e6f7a8b9c0d', 'c926e979-1f16-46bf-a7cc-8aab70162d65', 'a2a2a2a2-a2a2-a2a2-a2a2-a2a2a2a2a2a2', 'Safety & Compliance', 'llm_judge', 96.0, true, 'Safe content', 890, 0.0001, now() - INTERVAL 3 DAY);

-- Speed Score (metric_definition_id: c2c2c2c2-c2c2-c2c2-c2c2-c2c2c2c2c2c2)
INSERT INTO task_quality_metrics (task_id, agent_id, workspace_id, metric_definition_id, metric_name, metric_type, score, passed, reasoning, eval_duration_ms, eval_cost_usd, evaluated_at) VALUES 
('11111111-1111-1111-1111-111111111111', '4a1a7e60-8b2f-4a3b-9c1d-5e6f7a8b9c0d', 'c926e979-1f16-46bf-a7cc-8aab70162d65', 'c2c2c2c2-c2c2-c2c2-c2c2-c2c2c2c2c2c2', 'Speed Score', 'python_code', 80.0, true, 'Task completed in 2500ms', 5, 0.0, now() - INTERVAL 1 DAY),
('22222222-2222-2222-2222-222222222222', '4a1a7e60-8b2f-4a3b-9c1d-5e6f7a8b9c0d', 'c926e979-1f16-46bf-a7cc-8aab70162d65', 'c2c2c2c2-c2c2-c2c2-c2c2-c2c2c2c2c2c2', 'Speed Score', 'python_code', 60.0, true, 'Task completed in 3200ms', 5, 0.0, now() - INTERVAL 2 DAY),
('33333333-3333-3333-3333-333333333333', '4a1a7e60-8b2f-4a3b-9c1d-5e6f7a8b9c0d', 'c926e979-1f16-46bf-a7cc-8aab70162d65', 'c2c2c2c2-c2c2-c2c2-c2c2-c2c2c2c2c2c2', 'Speed Score', 'python_code', 80.0, true, 'Task completed in 1800ms', 5, 0.0, now() - INTERVAL 3 DAY),
('44444444-4444-4444-4444-444444444444', '4a1a7e60-8b2f-4a3b-9c1d-5e6f7a8b9c0d', 'c926e979-1f16-46bf-a7cc-8aab70162d65', 'c2c2c2c2-c2c2-c2c2-c2c2-c2c2c2c2c2c2', 'Speed Score', 'python_code', 75.0, true, 'Task completed in 4500ms', 5, 0.0, now() - INTERVAL 4 DAY),
('55555555-5555-5555-5555-555555555555', '4a1a7e60-8b2f-4a3b-9c1d-5e6f7a8b9c0d', 'c926e979-1f16-46bf-a7cc-8aab70162d65', 'c2c2c2c2-c2c2-c2c2-c2c2-c2c2c2c2c2c2', 'Speed Score', 'python_code', 80.0, true, 'Task completed in 2100ms', 5, 0.0, now() - INTERVAL 5 DAY),
('66666666-6666-6666-6666-666666666666', '4a1a7e60-8b2f-4a3b-9c1d-5e6f7a8b9c0d', 'c926e979-1f16-46bf-a7cc-8aab70162d65', 'c2c2c2c2-c2c2-c2c2-c2c2-c2c2c2c2c2c2', 'Speed Score', 'python_code', 80.0, true, 'Task completed in 2000ms', 5, 0.0, now() - INTERVAL 1 DAY),
('77777777-7777-7777-7777-777777777777', '4a1a7e60-8b2f-4a3b-9c1d-5e6f7a8b9c0d', 'c926e979-1f16-46bf-a7cc-8aab70162d65', 'c2c2c2c2-c2c2-c2c2-c2c2-c2c2c2c2c2c2', 'Speed Score', 'python_code', 80.0, true, 'Task completed in 2800ms', 5, 0.0, now() - INTERVAL 2 DAY),
('88888888-8888-8888-8888-888888888888', '4a1a7e60-8b2f-4a3b-9c1d-5e6f7a8b9c0d', 'c926e979-1f16-46bf-a7cc-8aab70162d65', 'c2c2c2c2-c2c2-c2c2-c2c2-c2c2c2c2c2c2', 'Speed Score', 'python_code', 80.0, true, 'Task completed in 1500ms', 5, 0.0, now() - INTERVAL 3 DAY);

-- Conciseness (metric_definition_id: a4a4a4a4-a4a4-a4a4-a4a4-a4a4a4a4a4a4)
INSERT INTO task_quality_metrics (task_id, agent_id, workspace_id, metric_definition_id, metric_name, metric_type, score, passed, reasoning, eval_duration_ms, eval_cost_usd, evaluated_at) VALUES 
('11111111-1111-1111-1111-111111111111', '4a1a7e60-8b2f-4a3b-9c1d-5e6f7a8b9c0d', 'c926e979-1f16-46bf-a7cc-8aab70162d65', 'a4a4a4a4-a4a4-a4a4-a4a4-a4a4a4a4a4a4', 'Conciseness', 'llm_judge', 75.0, true, 'Response is clear but slightly verbose', 1100, 0.0001, now() - INTERVAL 1 DAY),
('22222222-2222-2222-2222-222222222222', '4a1a7e60-8b2f-4a3b-9c1d-5e6f7a8b9c0d', 'c926e979-1f16-46bf-a7cc-8aab70162d65', 'a4a4a4a4-a4a4-a4a4-a4a4-a4a4a4a4a4a4', 'Conciseness', 'llm_judge', 68.0, false, 'Response contains unnecessary elaboration', 1200, 0.0001, now() - INTERVAL 2 DAY),
('33333333-3333-3333-3333-333333333333', '4a1a7e60-8b2f-4a3b-9c1d-5e6f7a8b9c0d', 'c926e979-1f16-46bf-a7cc-8aab70162d65', 'a4a4a4a4-a4a4-a4a4-a4a4-a4a4a4a4a4a4', 'Conciseness', 'llm_judge', 88.0, true, 'Very concise and to the point', 950, 0.0001, now() - INTERVAL 3 DAY),
('44444444-4444-4444-4444-444444444444', '4a1a7e60-8b2f-4a3b-9c1d-5e6f7a8b9c0d', 'c926e979-1f16-46bf-a7cc-8aab70162d65', 'a4a4a4a4-a4a4-a4a4-a4a4-a4a4a4a4a4a4', 'Conciseness', 'llm_judge', 65.0, false, 'Response is overly detailed for the question', 1300, 0.0001, now() - INTERVAL 4 DAY),
('55555555-5555-5555-5555-555555555555', '4a1a7e60-8b2f-4a3b-9c1d-5e6f7a8b9c0d', 'c926e979-1f16-46bf-a7cc-8aab70162d65', 'a4a4a4a4-a4a4-a4a4-a4a4-a4a4a4a4a4a4', 'Conciseness', 'llm_judge', 82.0, true, 'Well-balanced response length', 1050, 0.0001, now() - INTERVAL 5 DAY),
('66666666-6666-6666-6666-666666666666', '4a1a7e60-8b2f-4a3b-9c1d-5e6f7a8b9c0d', 'c926e979-1f16-46bf-a7cc-8aab70162d65', 'a4a4a4a4-a4a4-a4a4-a4a4-a4a4a4a4a4a4', 'Conciseness', 'llm_judge', 90.0, true, 'Extremely concise and clear', 900, 0.0001, now() - INTERVAL 1 DAY),
('77777777-7777-7777-7777-777777777777', '4a1a7e60-8b2f-4a3b-9c1d-5e6f7a8b9c0d', 'c926e979-1f16-46bf-a7cc-8aab70162d65', 'a4a4a4a4-a4a4-a4a4-a4a4-a4a4a4a4a4a4', 'Conciseness', 'llm_judge', 85.0, true, 'Concise with good coverage', 1000, 0.0001, now() - INTERVAL 2 DAY),
('88888888-8888-8888-8888-888888888888', '4a1a7e60-8b2f-4a3b-9c1d-5e6f7a8b9c0d', 'c926e979-1f16-46bf-a7cc-8aab70162d65', 'a4a4a4a4-a4a4-a4a4-a4a4-a4a4a4a4a4a4', 'Conciseness', 'llm_judge', 92.0, true, 'Perfect brevity', 880, 0.0001, now() - INTERVAL 3 DAY);

-- Factual Accuracy (metric_definition_id: a3a3a3a3-a3a3-a3a3-a3a3-a3a3a3a3a3a3)
INSERT INTO task_quality_metrics (task_id, agent_id, workspace_id, metric_definition_id, metric_name, metric_type, score, passed, reasoning, eval_duration_ms, eval_cost_usd, evaluated_at) VALUES 
('11111111-1111-1111-1111-111111111111', '4a1a7e60-8b2f-4a3b-9c1d-5e6f7a8b9c0d', 'c926e979-1f16-46bf-a7cc-8aab70162d65', 'a3a3a3a3-a3a3-a3a3-a3a3-a3a3a3a3a3a3', 'Factual Accuracy', 'llm_judge', 94.0, true, 'All facts are accurate and well-sourced', 1500, 0.0002, now() - INTERVAL 1 DAY),
('22222222-2222-2222-2222-222222222222', '4a1a7e60-8b2f-4a3b-9c1d-5e6f7a8b9c0d', 'c926e979-1f16-46bf-a7cc-8aab70162d65', 'a3a3a3a3-a3a3-a3a3-a3a3-a3a3a3a3a3a3', 'Factual Accuracy', 'llm_judge', 96.0, true, 'Highly accurate with current information', 1600, 0.0002, now() - INTERVAL 2 DAY),
('33333333-3333-3333-3333-333333333333', '4a1a7e60-8b2f-4a3b-9c1d-5e6f7a8b9c0d', 'c926e979-1f16-46bf-a7cc-8aab70162d65', 'a3a3a3a3-a3a3-a3a3-a3a3-a3a3a3a3a3a3', 'Factual Accuracy', 'llm_judge', 91.0, true, 'Accurate information, minor ambiguity in one claim', 1400, 0.0002, now() - INTERVAL 3 DAY),
('44444444-4444-4444-4444-444444444444', '4a1a7e60-8b2f-4a3b-9c1d-5e6f7a8b9c0d', 'c926e979-1f16-46bf-a7cc-8aab70162d65', 'a3a3a3a3-a3a3-a3a3-a3a3-a3a3a3a3a3a3', 'Factual Accuracy', 'llm_judge', 88.0, true, 'Generally accurate with good technical detail', 1550, 0.0002, now() - INTERVAL 4 DAY),
('55555555-5555-5555-5555-555555555555', '4a1a7e60-8b2f-4a3b-9c1d-5e6f7a8b9c0d', 'c926e979-1f16-46bf-a7cc-8aab70162d65', 'a3a3a3a3-a3a3-a3a3-a3a3-a3a3a3a3a3a3', 'Factual Accuracy', 'llm_judge', 97.0, true, 'Exceptionally accurate with verifiable claims', 1650, 0.0002, now() - INTERVAL 5 DAY),
('66666666-6666-6666-6666-666666666666', '4a1a7e60-8b2f-4a3b-9c1d-5e6f7a8b9c0d', 'c926e979-1f16-46bf-a7cc-8aab70162d65', 'a3a3a3a3-a3a3-a3a3-a3a3-a3a3a3a3a3a3', 'Factual Accuracy', 'llm_judge', 93.0, true, 'All facts check out', 1450, 0.0002, now() - INTERVAL 1 DAY),
('77777777-7777-7777-7777-777777777777', '4a1a7e60-8b2f-4a3b-9c1d-5e6f7a8b9c0d', 'c926e979-1f16-46bf-a7cc-8aab70162d65', 'a3a3a3a3-a3a3-a3a3-a3a3-a3a3a3a3a3a3', 'Factual Accuracy', 'llm_judge', 95.0, true, 'Accurate and up-to-date information', 1500, 0.0002, now() - INTERVAL 2 DAY),
('88888888-8888-8888-8888-888888888888', '4a1a7e60-8b2f-4a3b-9c1d-5e6f7a8b9c0d', 'c926e979-1f16-46bf-a7cc-8aab70162d65', 'a3a3a3a3-a3a3-a3a3-a3a3-a3a3a3a3a3a3', 'Factual Accuracy', 'llm_judge', 89.0, true, 'Accurate with good context', 1400, 0.0002, now() - INTERVAL 3 DAY);